{
  "name": "selfsim_2p0",
  "gen": "production",
  "mode": "screen",
  "params": {},
  "scale": 1.0,
  "gripper_scale": 2.0,
  "eff_scale": 2.0,
  "target_grip": 12.0,
  "E_MPa": 9.8,
  "strength_MPa": 27.3,
  "score": 0.5913,
  "base": 0.5913,
  "grip_incon": 0.311,
  "n_nodes": 960,
  "objects": [
    {
      "shape": "circle",
      "R": 24.0,
      "yc": 160.0,
      "metrics": {
        "contact_nodes": 13,
        "contact_arc_deg": 16.3,
        "pressure_cov": 0.61,
        "closure_at_target": 20.0,
        "reached_target": false,
        "locked": false,
        "stress_spread_frac": 0.146,
        "engage_y_frac": 0.04,
        "bot_third_force_frac": 0.0,
        "mid_third_force_frac": 1.0,
        "top_third_force_frac": 0.0,
        "tip_inward_mm": -18.71,
        "max_von_mises_MPa": 1.307,
        "margin_x": 20.89,
        "grip_at_press_N": 6.75,
        "press_mm": 20.0,
        "contact_y_min": 151.7,
        "contact_y_max": 158.9,
        "did_converge_all_steps": true,
        "n_steps_not_converged": 0,
        "newton_iters_max_used": 14,
        "newton_iters_mean": 11.17,
        "newton_iters_per_step": [
          11,
          10,
          10,
          9,
          9,
          11,
          12,
          11,
          13,
          11,
          13,
          14
        ],
        "did_converge_per_step": [
          true,
          true,
          true,
          true,
          true,
          true,
          true,
          true,
          true,
          true,
          true,
          true
        ],
        "residual_final_per_step": [
          1.4071626905048218e-05,
          0.00023550687141789392,
          0.0007455490766478877,
          0.0011824051583936535,
          0.002690833048683537,
          0.0007940310411912317,
          0.0033036194152625186,
          0.0020972165969012023,
          0.0035892311798440034,
          0.004017641536947825,
          0.005908714218661334,
          0.0035860178382988647
        ],
        "newton_max_iters": 16,
        "newton_tol_rel": 0.002,
        "report_mode": "grip",
        "target_grip_stress_probe_N": 12.0,
        "press_at_report_mm": 8.0,
        "nu_used": 0.42,
        "e_tpu_used": 9.8,
        "nlayers_used": 3
      }
    },
    {
      "shape": "circle",
      "R": 60.0,
      "yc": 160.0,
      "metrics": {
        "contact_nodes": 22,
        "contact_arc_deg": 21.9,
        "pressure_cov": 0.79,
        "closure_at_target": 20.0,
        "reached_target": false,
        "locked": false,
        "stress_spread_frac": 0.095,
        "engage_y_frac": 0.131,
        "bot_third_force_frac": 0.0,
        "mid_third_force_frac": 1.0,
        "top_third_force_frac": 0.0,
        "tip_inward_mm": -17.05,
        "max_von_mises_MPa": 1.533,
        "margin_x": 17.8,
        "grip_at_press_N": 7.48,
        "press_mm": 20.0,
        "contact_y_min": 137.3,
        "contact_y_max": 160.9,
        "did_converge_all_steps": true,
        "n_steps_not_converged": 0,
        "newton_iters_max_used": 12,
        "newton_iters_mean": 10.75,
        "newton_iters_per_step": [
          10,
          11,
          11,
          11,
          9,
          11,
          10,
          10,
          10,
          12,
          12,
          12
        ],
        "did_converge_per_step": [
          true,
          true,
          true,
          true,
          true,
          true,
          true,
          true,
          true,
          true,
          true,
          true
        ],
        "residual_final_per_step": [
          2.101008577011121e-05,
          0.00013655459551026628,
          0.00037886242946975256,
          0.00012685814958493023,
          0.002849504617046004,
          0.0004925256726886291,
          0.002019070435944538,
          0.004362840631073707,
          0.002773926602153126,
          0.001977702864546616,
          0.004927933555968574,
          0.005180033016054477
        ],
        "newton_max_iters": 16,
        "newton_tol_rel": 0.002,
        "report_mode": "grip",
        "target_grip_stress_probe_N": 12.0,
        "press_at_report_mm": 8.0,
        "nu_used": 0.42,
        "e_tpu_used": 9.8,
        "nlayers_used": 3
      }
    },
    {
      "shape": "box",
      "R": 40.0,
      "yc": 160.0,
      "metrics": {
        "contact_nodes": 15,
        "contact_arc_deg": 90.6,
        "pressure_cov": 1.45,
        "closure_at_target": 16.67,
        "reached_target": true,
        "locked": false,
        "stress_spread_frac": 0.049,
        "engage_y_frac": 0.449,
        "bot_third_force_frac": 0.951,
        "mid_third_force_frac": 0.0,
        "top_third_force_frac": 0.049,
        "tip_inward_mm": -13.92,
        "max_von_mises_MPa": 2.485,
        "margin_x": 10.99,
        "grip_at_press_N": 13.08,
        "press_mm": 16.67,
        "contact_y_min": 121.3,
        "contact_y_max": 202.1,
        "did_converge_all_steps": false,
        "n_steps_not_converged": 3,
        "newton_iters_max_used": 16,
        "newton_iters_mean": 15.17,
        "newton_iters_per_step": [
          16,
          13,
          14,
          15,
          15,
          16,
          16,
          16,
          14,
          16,
          15,
          16
        ],
        "did_converge_per_step": [
          false,
          true,
          true,
          true,
          true,
          true,
          false,
          true,
          true,
          true,
          true,
          false
        ],
        "residual_final_per_step": [
          0.04111697252144768,
          0.0006287372859696287,
          0.005467922694314372,
          0.002950307096271134,
          0.004260032119753211,
          0.00129878271608527,
          0.09023874004342283,
          0.0029288824112793897,
          0.003917159597372112,
          0.002248297088496461,
          0.007094655130271357,
          0.019110247870456867
        ],
        "newton_max_iters": 16,
        "newton_tol_rel": 0.002,
        "report_mode": "grip",
        "target_grip_stress_probe_N": 12.0,
        "press_at_report_mm": 8.0,
        "nu_used": 0.42,
        "e_tpu_used": 9.8,
        "nlayers_used": 3
      }
    }
  ]
}