{
  "contact_nodes": 27,
  "contact_arc_deg": 13.6,
  "pressure_cov": 0.7,
  "closure_at_target": 7.92,
  "reached_target": false,
  "locked": false,
  "stress_spread_frac": 0.138,
  "engage_y_frac": 0.06,
  "bot_third_force_frac": 0.0,
  "mid_third_force_frac": 1.0,
  "top_third_force_frac": 0.0,
  "tip_inward_mm": -6.2,
  "max_von_mises_MPa": 0.839,
  "margin_x": 32.54,
  "grip_at_press_N": 2.36,
  "press_mm": 7.92,
  "contact_y_min": 74.0,
  "contact_y_max": 79.4,
  "did_converge_all_steps": true,
  "n_steps_not_converged": 0,
  "newton_iters_max_used": 11,
  "newton_iters_mean": 9.33,
  "newton_iters_per_step": [
    2,
    9,
    8,
    10,
    9,
    10,
    10,
    9,
    9,
    9,
    9,
    10,
    9,
    10,
    10,
    10,
    10,
    11,
    10,
    10,
    10,
    10,
    10,
    10
  ],
  "did_converge_per_step": [
    true,
    true,
    true,
    true,
    true,
    true,
    true,
    true,
    true,
    true,
    true,
    true,
    true,
    true,
    true,
    true,
    true,
    true,
    true,
    true,
    true,
    true,
    true,
    true
  ],
  "residual_final_per_step": [
    3.116592984929217e-12,
    0.001806211258816162,
    0.0004963329601482096,
    2.9926746369650957e-05,
    0.00010830709057079363,
    5.822222760541014e-05,
    0.0002366348409933086,
    0.0002566642678725641,
    0.00026317932740091166,
    0.000691966785152059,
    0.00018396500473777996,
    0.00036681515820757415,
    0.0005146284309540227,
    8.0121015588493e-05,
    4.873793906057597e-05,
    0.00021650308818594414,
    0.00044542130800077423,
    0.0012828033741019505,
    0.00010755025655127691,
    0.00041367449160333643,
    0.000538289102001024,
    0.0005716391971540955,
    0.000775875354340167,
    0.0005673801422384644
  ],
  "newton_max_iters": 16,
  "newton_tol_rel": 0.002,
  "report_mode": "closure",
  "target_grip_stress_probe_N": 12.0,
  "press_at_report_mm": 8.0,
  "nu_used": 0.42,
  "e_tpu_used": 9.8,
  "nlayers_used": 5
}