{
  "contact_nodes": 19,
  "contact_arc_deg": 13.6,
  "pressure_cov": 0.76,
  "closure_at_target": 8.33,
  "reached_target": false,
  "locked": false,
  "stress_spread_frac": 0.157,
  "engage_y_frac": 0.06,
  "bot_third_force_frac": 0.0,
  "mid_third_force_frac": 1.0,
  "top_third_force_frac": 0.0,
  "tip_inward_mm": -6.62,
  "max_von_mises_MPa": 3.477,
  "margin_x": 7.19,
  "grip_at_press_N": 10.4,
  "press_mm": 8.33,
  "contact_y_min": 74.0,
  "contact_y_max": 79.4,
  "did_converge_all_steps": true,
  "n_steps_not_converged": 0,
  "newton_iters_max_used": 10,
  "newton_iters_mean": 9.75,
  "newton_iters_per_step": [
    9,
    10,
    10,
    9,
    9,
    10,
    10,
    10,
    10,
    10,
    10,
    10
  ],
  "did_converge_per_step": [
    true,
    true,
    true,
    true,
    true,
    true,
    true,
    true,
    true,
    true,
    true,
    true
  ],
  "residual_final_per_step": [
    0.0010393807709854147,
    9.023781154415878e-05,
    0.00037693029334175506,
    0.0010820975177733825,
    0.0014992026085596155,
    0.0011397354100161107,
    0.0002928371736337368,
    0.0015358006401013631,
    0.0013719020186817009,
    0.0018218473791899792,
    0.004639526942912407,
    0.004051948642675539
  ],
  "newton_max_iters": 16,
  "newton_tol_rel": 0.002,
  "report_mode": "closure",
  "target_grip_stress_probe_N": 12.0,
  "press_at_report_mm": 8.0,
  "nu_used": 0.45,
  "e_tpu_used": 40.0,
  "nlayers_used": 3
}