{
  "contact_nodes": 19,
  "contact_arc_deg": 13.6,
  "pressure_cov": 0.83,
  "closure_at_target": 7.92,
  "reached_target": false,
  "locked": false,
  "stress_spread_frac": 0.146,
  "engage_y_frac": 0.06,
  "bot_third_force_frac": 0.0,
  "mid_third_force_frac": 1.0,
  "top_third_force_frac": 0.0,
  "tip_inward_mm": -6.13,
  "max_von_mises_MPa": 0.57,
  "margin_x": 47.92,
  "grip_at_press_N": 1.61,
  "press_mm": 7.92,
  "contact_y_min": 74.0,
  "contact_y_max": 79.4,
  "did_converge_all_steps": true,
  "n_steps_not_converged": 0,
  "newton_iters_max_used": 11,
  "newton_iters_mean": 9.08,
  "newton_iters_per_step": [
    2,
    8,
    8,
    8,
    9,
    10,
    10,
    9,
    9,
    10,
    9,
    9,
    9,
    10,
    9,
    9,
    11,
    10,
    9,
    10,
    10,
    10,
    10,
    10
  ],
  "did_converge_per_step": [
    true,
    true,
    true,
    true,
    true,
    true,
    true,
    true,
    true,
    true,
    true,
    true,
    true,
    true,
    true,
    true,
    true,
    true,
    true,
    true,
    true,
    true,
    true,
    true
  ],
  "residual_final_per_step": [
    3.5705896505658176e-12,
    4.701446075923251e-06,
    0.00031991068110531496,
    0.0011073924195690015,
    0.00012332946602583103,
    8.292082631203719e-05,
    0.0003409579595223302,
    0.0002663702759128662,
    0.0003105493967397612,
    0.00017993092575406,
    0.0002598705518447555,
    0.0003792774456216735,
    0.0008270204347029078,
    0.0001173708469046557,
    0.0009197954833395528,
    0.0025352409336908406,
    0.00028800608187221224,
    0.0004681443732223059,
    0.0004475050634127885,
    0.00034801148243166337,
    0.00044383018556185054,
    0.000688055401955953,
    0.0004458519054544427,
    0.0004051517643034799
  ],
  "newton_max_iters": 16,
  "newton_tol_rel": 0.002,
  "report_mode": "closure",
  "target_grip_stress_probe_N": 12.0,
  "press_at_report_mm": 8.0,
  "nu_used": 0.42,
  "e_tpu_used": 6.9,
  "nlayers_used": 3
}