{
  "i_g": 2.6666666666666665,
  "R_GEAR": 12.0,
  "CROWN_TEETH": 24,
  "PINION_TEETH": 9,
  "eta_low": 0.3978,
  "eta_high": 0.7049475,
  "stage_eta": {
    "crown_pinion": [
      0.65,
      0.85
    ],
    "spur_1to1": [
      0.85,
      0.95
    ],
    "fourbar": [
      0.8,
      0.9
    ],
    "input_journal": [
      0.9,
      0.97
    ]
  },
  "input_travel_deg": 122.66666666666666,
  "crank_travel_deg": 46.0,
  "MA": {
    "base_0.15": 0.027727932706698787,
    "mid_0.55": 0.022961508365172155,
    "tip_face_0.95": 0.019593406875196652,
    "tip_centreline_1.0": 0.019240619516818453
  },
  "force_range_N": [
    8.0,
    12.0,
    15.0
  ],
  "torque_band_Nm": {
    "F8": {
      "mid_eta_hi": 0.37067565338688613,
      "tip_eta_lo": 0.7839121940040786,
      "ideal_tip": 0.31184027077482246
    },
    "F12": {
      "mid_eta_hi": 0.5560134800803292,
      "tip_eta_lo": 1.175868291006118,
      "ideal_tip": 0.46776040616223374
    },
    "F15": {
      "mid_eta_hi": 0.6950168501004115,
      "tip_eta_lo": 1.4698353637576473,
      "ideal_tip": 0.5847005077027921
    }
  },
  "speed_rpm": {
    "0.5s": 40.888888888888886,
    "1.0s": 20.444444444444443,
    "2.0s": 10.222222222222221
  },
  "coupler": {
    "R": 5.0,
    "dflat": 1.4,
    "len": 12.0
  }
}