{
  "i_g": 2.6666666666666665,
  "R_GEAR": 24.0,
  "CROWN_TEETH": 24,
  "PINION_TEETH": 9,
  "eta_low": 0.3978,
  "eta_high": 0.7049475,
  "stage_eta": {
    "crown_pinion": [
      0.65,
      0.85
    ],
    "spur_1to1": [
      0.85,
      0.95
    ],
    "fourbar": [
      0.8,
      0.9
    ],
    "input_journal": [
      0.9,
      0.97
    ]
  },
  "input_travel_deg": 122.66666666666666,
  "crank_travel_deg": 46.0,
  "MA": {
    "base_0.15": 0.013863966353349393,
    "mid_0.55": 0.011480754182586077,
    "tip_face_0.95": 0.009796703437598326,
    "tip_centreline_1.0": 0.009620309758409227
  },
  "force_range_N": [
    8.0,
    12.0,
    15.0
  ],
  "torque_band_Nm": {
    "F8": {
      "mid_eta_hi": 0.7413513067737723,
      "tip_eta_lo": 1.5678243880081573,
      "ideal_tip": 0.6236805415496449
    },
    "F12": {
      "mid_eta_hi": 1.1120269601606585,
      "tip_eta_lo": 2.351736582012236,
      "ideal_tip": 0.9355208123244675
    },
    "F15": {
      "mid_eta_hi": 1.390033700200823,
      "tip_eta_lo": 2.9396707275152947,
      "ideal_tip": 1.1694010154055843
    }
  },
  "speed_rpm": {
    "0.5s": 40.888888888888886,
    "1.0s": 20.444444444444443,
    "2.0s": 10.222222222222221
  },
  "coupler": {
    "R": 10.0,
    "dflat": 2.8,
    "len": 24.0
  }
}