{
  "contact_nodes": 19,
  "contact_arc_deg": 13.6,
  "pressure_cov": 0.75,
  "closure_at_target": 8.33,
  "reached_target": false,
  "locked": false,
  "stress_spread_frac": 0.145,
  "engage_y_frac": 0.06,
  "bot_third_force_frac": 0.0,
  "mid_third_force_frac": 1.0,
  "top_third_force_frac": 0.0,
  "tip_inward_mm": -6.44,
  "max_von_mises_MPa": 3.515,
  "margin_x": 7.11,
  "grip_at_press_N": 9.87,
  "press_mm": 8.33,
  "contact_y_min": 74.0,
  "contact_y_max": 79.4,
  "did_converge_all_steps": true,
  "n_steps_not_converged": 0,
  "newton_iters_max_used": 10,
  "newton_iters_mean": 9.58,
  "newton_iters_per_step": [
    8,
    10,
    9,
    10,
    10,
    10,
    9,
    9,
    10,
    10,
    10,
    10
  ],
  "did_converge_per_step": [
    true,
    true,
    true,
    true,
    true,
    true,
    true,
    true,
    true,
    true,
    true,
    true
  ],
  "residual_final_per_step": [
    0.00010887124307849735,
    0.00010399470918222035,
    0.0005275174714620889,
    0.000606195208440448,
    0.00021804639862108358,
    0.0022315718772365264,
    0.0017328806194003336,
    0.0030925495085751013,
    0.0008408704207498514,
    0.0021929379365420174,
    0.004348838914634847,
    0.004116021786273787
  ],
  "newton_max_iters": 16,
  "newton_tol_rel": 0.002,
  "report_mode": "closure",
  "target_grip_stress_probe_N": 12.0,
  "press_at_report_mm": 8.0,
  "nu_used": 0.42,
  "e_tpu_used": 40.0,
  "nlayers_used": 3
}