{
  "contact_nodes": 19,
  "contact_arc_deg": 13.6,
  "pressure_cov": 0.83,
  "closure_at_target": 7.92,
  "reached_target": false,
  "locked": false,
  "stress_spread_frac": 0.146,
  "engage_y_frac": 0.06,
  "bot_third_force_frac": 0.0,
  "mid_third_force_frac": 1.0,
  "top_third_force_frac": 0.0,
  "tip_inward_mm": -6.13,
  "max_von_mises_MPa": 1.651,
  "margin_x": 15.14,
  "grip_at_press_N": 4.66,
  "press_mm": 7.92,
  "contact_y_min": 74.0,
  "contact_y_max": 79.4,
  "did_converge_all_steps": true,
  "n_steps_not_converged": 0,
  "newton_iters_max_used": 10,
  "newton_iters_mean": 9.0,
  "newton_iters_per_step": [
    2,
    8,
    10,
    10,
    9,
    10,
    9,
    9,
    9,
    9,
    9,
    9,
    9,
    9,
    9,
    9,
    9,
    9,
    9,
    10,
    10,
    10,
    10,
    10
  ],
  "did_converge_per_step": [
    true,
    true,
    true,
    true,
    true,
    true,
    true,
    true,
    true,
    true,
    true,
    true,
    true,
    true,
    true,
    true,
    true,
    true,
    true,
    true,
    true,
    true,
    true,
    true
  ],
  "residual_final_per_step": [
    1.0349535219031355e-11,
    5.578684561635305e-05,
    1.9864111855878148e-05,
    9.310104491847165e-05,
    0.00042002375730595395,
    0.00023829738707084033,
    0.0003274922367866552,
    0.0003820205069450198,
    0.0005837819910372858,
    0.0006189455278102577,
    0.0007662860813843364,
    0.0016199852488504936,
    0.0010898702804296799,
    0.0009097261767657555,
    0.0009785425944733109,
    0.0009955120310585124,
    0.0011171616555102398,
    0.0012650356041336605,
    0.0014850846323158841,
    0.0010740734841432813,
    0.0006366083120456924,
    0.000916632328212573,
    0.0008937322151961824,
    0.0007402716944028592
  ],
  "newton_max_iters": 16,
  "newton_tol_rel": 0.002,
  "report_mode": "closure",
  "target_grip_stress_probe_N": 12.0,
  "press_at_report_mm": 8.0,
  "nu_used": 0.42,
  "e_tpu_used": 20.0,
  "nlayers_used": 3
}