{
  "contact_nodes": 19,
  "contact_arc_deg": 13.6,
  "pressure_cov": 0.83,
  "closure_at_target": 7.92,
  "reached_target": false,
  "locked": false,
  "stress_spread_frac": 0.146,
  "engage_y_frac": 0.06,
  "bot_third_force_frac": 0.0,
  "mid_third_force_frac": 1.0,
  "top_third_force_frac": 0.0,
  "tip_inward_mm": -6.13,
  "max_von_mises_MPa": 0.644,
  "margin_x": 42.39,
  "grip_at_press_N": 1.82,
  "press_mm": 7.92,
  "contact_y_min": 74.0,
  "contact_y_max": 79.4,
  "did_converge_all_steps": true,
  "n_steps_not_converged": 0,
  "newton_iters_max_used": 11,
  "newton_iters_mean": 9.12,
  "newton_iters_per_step": [
    2,
    8,
    9,
    8,
    9,
    10,
    10,
    9,
    9,
    9,
    10,
    9,
    9,
    9,
    10,
    9,
    11,
    10,
    9,
    10,
    10,
    10,
    10,
    10
  ],
  "did_converge_per_step": [
    true,
    true,
    true,
    true,
    true,
    true,
    true,
    true,
    true,
    true,
    true,
    true,
    true,
    true,
    true,
    true,
    true,
    true,
    true,
    true,
    true,
    true,
    true,
    true
  ],
  "residual_final_per_step": [
    4.036318735422228e-12,
    5.11519318086007e-06,
    0.0009459309872539772,
    0.001876526826210521,
    8.470723661962659e-05,
    9.376222814371426e-05,
    0.00038451398510594155,
    0.00029619570579534845,
    0.00034778253342899296,
    0.00024477987448143045,
    0.0007404551414255356,
    0.00019890715060908836,
    0.0009093343676626017,
    0.00011903945913441091,
    0.0006788110284639128,
    0.0028647086080372647,
    0.00032503225249772406,
    0.000529961891687826,
    0.0004736203413905018,
    0.000384877560193314,
    0.0004895707702308474,
    0.0005236397183070881,
    0.0005024542299006136,
    0.00046755319364302273
  ],
  "newton_max_iters": 16,
  "newton_tol_rel": 0.002,
  "report_mode": "closure",
  "target_grip_stress_probe_N": 12.0,
  "press_at_report_mm": 8.0,
  "nu_used": 0.42,
  "e_tpu_used": 7.8,
  "nlayers_used": 3
}