{
  "i_g": 2.6666666666666665,
  "R_GEAR": 18.0,
  "CROWN_TEETH": 24,
  "PINION_TEETH": 9,
  "eta_low": 0.3978,
  "eta_high": 0.7049475,
  "stage_eta": {
    "crown_pinion": [
      0.65,
      0.85
    ],
    "spur_1to1": [
      0.85,
      0.95
    ],
    "fourbar": [
      0.8,
      0.9
    ],
    "input_journal": [
      0.9,
      0.97
    ]
  },
  "input_travel_deg": 122.66666666666666,
  "crank_travel_deg": 46.0,
  "MA": {
    "base_0.15": 0.01848528847109472,
    "mid_0.55": 0.015307672243365149,
    "tip_face_0.95": 0.013062271250027286,
    "tip_centreline_1.0": 0.012827079677771577
  },
  "force_range_N": [
    8.0,
    12.0,
    15.0
  ],
  "torque_band_Nm": {
    "F8": {
      "mid_eta_hi": 0.5560134800833423,
      "tip_eta_lo": 1.1758682910159628,
      "ideal_tip": 0.46776040616614994
    },
    "F12": {
      "mid_eta_hi": 0.8340202201250135,
      "tip_eta_lo": 1.7638024365239442,
      "ideal_tip": 0.701640609249225
    },
    "F15": {
      "mid_eta_hi": 1.0425252751562668,
      "tip_eta_lo": 2.2047530456549302,
      "ideal_tip": 0.8770507615615312
    }
  },
  "speed_rpm": {
    "0.5s": 40.888888888888886,
    "1.0s": 20.444444444444443,
    "2.0s": 10.222222222222221
  },
  "coupler": {
    "R": 7.5,
    "dflat": 2.0999999999999996,
    "len": 18.0
  }
}