{
  "contact_nodes": 19,
  "contact_arc_deg": 13.6,
  "pressure_cov": 0.83,
  "closure_at_target": 7.92,
  "reached_target": false,
  "locked": false,
  "stress_spread_frac": 0.146,
  "engage_y_frac": 0.06,
  "bot_third_force_frac": 0.0,
  "mid_third_force_frac": 1.0,
  "top_third_force_frac": 0.0,
  "tip_inward_mm": -6.13,
  "max_von_mises_MPa": 2.312,
  "margin_x": 10.81,
  "grip_at_press_N": 6.52,
  "press_mm": 7.92,
  "contact_y_min": 74.0,
  "contact_y_max": 79.4,
  "did_converge_all_steps": true,
  "n_steps_not_converged": 0,
  "newton_iters_max_used": 10,
  "newton_iters_mean": 9.04,
  "newton_iters_per_step": [
    2,
    8,
    10,
    10,
    9,
    9,
    9,
    9,
    10,
    9,
    9,
    9,
    9,
    9,
    10,
    9,
    9,
    9,
    9,
    10,
    10,
    10,
    10,
    10
  ],
  "did_converge_per_step": [
    true,
    true,
    true,
    true,
    true,
    true,
    true,
    true,
    true,
    true,
    true,
    true,
    true,
    true,
    true,
    true,
    true,
    true,
    true,
    true,
    true,
    true,
    true,
    true
  ],
  "residual_final_per_step": [
    1.4489349306643898e-11,
    7.767623048088941e-05,
    3.104914208550579e-05,
    0.0001430040976826053,
    0.000353773018050429,
    0.0003980998467667021,
    0.0005113085091097394,
    0.0006626974622296126,
    0.0006533099469275238,
    0.0008589699785232801,
    0.0010652601423085891,
    0.0023814758227256507,
    0.0015139385882586064,
    0.0012650404665195646,
    0.0001281833007442217,
    0.0013838304890508668,
    0.0015532367637637256,
    0.0017580870145786226,
    0.0021728360990945204,
    0.0009111465761231384,
    0.0014661253307821657,
    0.0018410901522108408,
    0.0012319523735258395,
    0.0010217195216480058
  ],
  "newton_max_iters": 16,
  "newton_tol_rel": 0.002,
  "report_mode": "closure",
  "target_grip_stress_probe_N": 12.0,
  "press_at_report_mm": 8.0,
  "nu_used": 0.42,
  "e_tpu_used": 28.0,
  "nlayers_used": 3
}