{
  "contact_nodes": 42,
  "contact_arc_deg": 13.6,
  "pressure_cov": 0.69,
  "closure_at_target": 8.33,
  "reached_target": false,
  "locked": false,
  "stress_spread_frac": 0.141,
  "engage_y_frac": 0.06,
  "bot_third_force_frac": 0.0,
  "mid_third_force_frac": 1.0,
  "top_third_force_frac": 0.0,
  "tip_inward_mm": -6.47,
  "max_von_mises_MPa": 3.598,
  "margin_x": 6.95,
  "grip_at_press_N": 10.05,
  "press_mm": 8.33,
  "contact_y_min": 74.0,
  "contact_y_max": 79.4,
  "did_converge_all_steps": true,
  "n_steps_not_converged": 0,
  "newton_iters_max_used": 11,
  "newton_iters_mean": 9.83,
  "newton_iters_per_step": [
    8,
    10,
    11,
    9,
    10,
    10,
    10,
    10,
    10,
    10,
    10,
    10
  ],
  "did_converge_per_step": [
    true,
    true,
    true,
    true,
    true,
    true,
    true,
    true,
    true,
    true,
    true,
    true
  ],
  "residual_final_per_step": [
    0.0019969420002778596,
    6.701311427600963e-05,
    0.00012526648806555034,
    0.0006004072678171338,
    0.0005176963462323877,
    0.001014582423607112,
    0.0002987365433836305,
    0.0013554466709080825,
    0.0007435441196231998,
    0.0013713511901844249,
    0.0017598677655933559,
    0.002829832403330302
  ],
  "newton_max_iters": 16,
  "newton_tol_rel": 0.002,
  "report_mode": "closure",
  "target_grip_stress_probe_N": 12.0,
  "press_at_report_mm": 8.0,
  "nu_used": 0.42,
  "e_tpu_used": 40.0,
  "nlayers_used": 8
}