{
  "contact_nodes": 19,
  "contact_arc_deg": 13.6,
  "pressure_cov": 0.82,
  "closure_at_target": 7.92,
  "reached_target": false,
  "locked": false,
  "stress_spread_frac": 0.146,
  "engage_y_frac": 0.06,
  "bot_third_force_frac": 0.0,
  "mid_third_force_frac": 1.0,
  "top_third_force_frac": 0.0,
  "tip_inward_mm": -6.13,
  "max_von_mises_MPa": 3.303,
  "margin_x": 7.57,
  "grip_at_press_N": 9.31,
  "press_mm": 7.92,
  "contact_y_min": 74.0,
  "contact_y_max": 79.4,
  "did_converge_all_steps": true,
  "n_steps_not_converged": 0,
  "newton_iters_max_used": 10,
  "newton_iters_mean": 9.04,
  "newton_iters_per_step": [
    2,
    8,
    10,
    10,
    9,
    9,
    9,
    9,
    10,
    9,
    9,
    9,
    9,
    9,
    10,
    9,
    9,
    9,
    9,
    10,
    10,
    10,
    10,
    10
  ],
  "did_converge_per_step": [
    true,
    true,
    true,
    true,
    true,
    true,
    true,
    true,
    true,
    true,
    true,
    true,
    true,
    true,
    true,
    true,
    true,
    true,
    true,
    true,
    true,
    true,
    true,
    true
  ],
  "residual_final_per_step": [
    2.069907043806271e-11,
    0.00010887123820217024,
    4.339217610200011e-05,
    0.00020143848867048303,
    0.0007326866216412817,
    0.0005580905317639785,
    0.0007194020798475071,
    0.000935549917325398,
    0.0009206862497628344,
    0.0012172139132880734,
    0.0015129023043402414,
    0.003369224522467546,
    0.0021400517033931467,
    0.0017991416111254076,
    0.0003757962049052606,
    0.00196622832392234,
    0.0022062669967931516,
    0.0024982459791355023,
    0.003178358641790236,
    0.0012900783496788955,
    0.00270054176295495,
    0.0026004224361881397,
    0.002385868368130881,
    0.002043751499529981
  ],
  "newton_max_iters": 16,
  "newton_tol_rel": 0.002,
  "report_mode": "closure",
  "target_grip_stress_probe_N": 12.0,
  "press_at_report_mm": 8.0,
  "nu_used": 0.42,
  "e_tpu_used": 40.0,
  "nlayers_used": 3
}