{
  "material": {
    "E_TPU": 40.0,
    "NU": 0.45,
    "mu": 13.793103448275863,
    "lambda_": 124.13793103448279
  },
  "p1": {
    "element": "ElementTriP1 (linear)",
    "n_dof": 3310,
    "n_steps_reached": 24,
    "F_target_N": 5.4,
    "converged_all": true,
    "max_load_reached_N": 5.400000000000001,
    "peak_vm_MPa_at_max": 2.6557372078662964,
    "tip_dx_at_max": 23.44190799656518,
    "tip_dy_at_max": -2.0050281092101345,
    "curve": [
      [
        0.0,
        0.0,
        0.0,
        0.0
      ],
      [
        0.225,
        0.8111380077865776,
        0.07401690954054176,
        0.10399361822453113
      ],
      [
        0.45,
        1.6304654606730142,
        0.1378278593629312,
        0.20641700139376232
      ],
      [
        0.6750000000000002,
        2.458227145417708,
        0.1911822123395978,
        0.307243963993507
      ],
      [
        0.9,
        3.294707232737688,
        0.2338199510653903,
        0.40644412029124677
      ],
      [
        1.125,
        4.140236016454969,
        0.26546905878760396,
        0.5039820672239841
      ],
      [
        1.3500000000000003,
        4.995197811439196,
        0.2858422341176775,
        0.5998163560406192
      ],
      [
        1.5750000000000002,
        5.860040290636754,
        0.2946327997954437,
        0.6938981916655568
      ],
      [
        1.8,
        6.735285637382452,
        0.29150962530958924,
        0.7861697772193734
      ],
      [
        2.025,
        7.621544024803605,
        0.27611082590255037,
        0.8765621902187869
      ],
      [
        2.25,
        8.51953012860269,
        0.2480359182620815,
        0.9649926318862334
      ],
      [
        2.475,
        9.430083662838431,
        0.20683599334388905,
        1.051360824074657
      ],
      [
        2.7000000000000006,
        10.35419534851915,
        0.15200128907367869,
        1.1355442270288476
      ],
      [
        2.9250000000000003,
        11.293040360679809,
        0.08294527711401717,
        1.21739159445451
      ],
      [
        3.1500000000000004,
        12.248022284444827,
        -0.0010160371363723414,
        1.2967141333527394
      ],
      [
        3.375,
        13.220832178216664,
        -0.10069156042314951,
        1.3732731280220634
      ],
      [
        3.6,
        14.213529921042225,
        -0.21705233966580328,
        1.4467621935014592
      ],
      [
        3.8250000000000006,
        15.228659438819857,
        -0.3512834390968048,
        1.5505860852598359
      ],
      [
        4.05,
        16.269417361436208,
        -0.5048585946630892,
        1.6677793563282406
      ],
      [
        4.275,
        17.33990992818331,
        -0.6796519379440992,
        1.7891206891180342
      ],
      [
        4.5,
        18.445564664145788,
        -0.8781136495813063,
        1.9150608787771075
      ],
      [
        4.7250000000000005,
        19.593836268181164,
        -1.1035646859906767,
        2.0462081725764167
      ],
      [
        4.95,
        20.795538283455063,
        -1.3607384639443152,
        2.223285666098124
      ],
      [
        5.175,
        22.067746910256723,
        -1.6569240934673435,
        2.4246087267317273
      ],
      [
        5.400000000000001,
        23.44190799656518,
        -2.0050281092101345,
        2.6557372078662964
      ]
    ]
  },
  "p2": {
    "element": "ElementTriP2 (quadratic plane-strain triangle)",
    "n_dof": 12222,
    "n_steps_reached": 22,
    "F_target_N": 5.4,
    "converged_all": false,
    "max_load_reached_N": 4.95,
    "tip_dx_at_max": 23.552161257554758,
    "tip_dy_at_max": -2.4683184298077507,
    "peak_vm_MPa_at_max": 3.387960827272364,
    "runtime_s": 141.5,
    "curve": [
      [
        0.0,
        0.0,
        0.0,
        0.0
      ],
      [
        0.225,
        0.8694421291405359,
        0.08017567302074748,
        0.11754565394052613
      ],
      [
        0.45,
        1.748192485426674,
        0.14668815076471445,
        0.23705910093690857
      ],
      [
        0.6750000000000002,
        2.6366545766087706,
        0.19917637914688,
        0.3586359016353279
      ],
      [
        0.9,
        3.5353082087979635,
        0.23727300050286998,
        0.48237857583121846
      ],
      [
        1.125,
        4.444724545263107,
        0.260599630557539,
        0.6083970999147785
      ],
      [
        1.3500000000000003,
        5.365583839893682,
        0.268760346184626,
        0.7368095403584817
      ],
      [
        1.5750000000000002,
        6.298696574035178,
        0.26133300492773726,
        0.8677429615942724
      ],
      [
        1.8,
        7.245029051495495,
        0.23785790009855848,
        1.0013348359922327
      ],
      [
        2.025,
        8.20573499062016,
        0.19782307269846833,
        1.1377353106247283
      ],
      [
        2.25,
        9.182195374599006,
        0.14064531638467367,
        1.277110862753437
      ],
      [
        2.475,
        10.17606991195288,
        0.06564546480790384,
        1.419650123215652
      ],
      [
        2.7000000000000006,
        11.189365140436838,
        -0.0279841572800811,
        1.5655729977412098
      ],
      [
        2.9250000000000003,
        12.224526876758008,
        -0.14122338011694416,
        1.7151447339886194
      ],
      [
        3.1500000000000004,
        13.284569120641143,
        -0.27528408926801673,
        1.8686974006134305
      ],
      [
        3.375,
        14.373259153343422,
        -0.43169480850946745,
        2.026662680291549
      ],
      [
        3.6,
        15.495392554215686,
        -0.6124243242383159,
        2.1896227417570344
      ],
      [
        3.8250000000000006,
        16.65721919852731,
        -0.8200701404622636,
        2.3583924666083056
      ],
      [
        4.05,
        17.867139035106675,
        -1.0581613035315833,
        2.5341630974179705
      ],
      [
        4.275,
        19.136920947360576,
        -1.3316794661465383,
        2.7187871024554098
      ],
      [
        4.5,
        20.484057501151067,
        -1.648043976667872,
        2.915461646908919
      ],
      [
        4.7250000000000005,
        21.93706699677948,
        -2.0192639917148045,
        3.1309236248729486
      ],
      [
        4.95,
        23.552161257554758,
        -2.4683184298077507,
        3.387960827272364
      ]
    ]
  },
  "delta": {
    "peak_vM_pct_change": 27.57,
    "tip_dx_change_mm": 0.11,
    "both_converged": false
  },
  "interpretation": [
    "P1 (linear) reached F = 5.40 N with peak vM = 2.656 MPa.",
    "P2 (quadratic) reached F = 4.95 N with peak vM = 3.388 MPa.",
    "\u0394peak vM (P2 vs P1) = +27.6 % at the same load level. If P2 gives a SUBSTANTIALLY different peak vM than P1 then the P1 (linear-tet equivalent) is locking and the headline 2D peak vM is unreliable. If P2 agrees with P1 within ~10 %, the locking is not the dominant error."
  ]
}