{
  "material": {
    "E_TPU": 40.0,
    "NU": 0.45,
    "mu": 13.793103448275863,
    "lambda_": 124.13793103448279
  },
  "p1": {
    "element": "ElementTriP1 (linear)",
    "n_dof": 3310,
    "n_steps_reached": 24,
    "F_target_N": 5.4,
    "converged_all": true,
    "max_load_reached_N": 5.400000000000001,
    "peak_vm_MPa_at_max": 2.6557372078662964,
    "tip_dx_at_max": 23.44190799656518,
    "tip_dy_at_max": -2.0050281092101345,
    "curve": [
      [
        0.0,
        0.0,
        0.0,
        0.0
      ],
      [
        0.225,
        0.8111380077865776,
        0.07401690954054176,
        0.10399361822453113
      ],
      [
        0.45,
        1.6304654606730142,
        0.1378278593629312,
        0.20641700139376232
      ],
      [
        0.6750000000000002,
        2.458227145417708,
        0.1911822123395978,
        0.307243963993507
      ],
      [
        0.9,
        3.294707232737688,
        0.2338199510653903,
        0.40644412029124677
      ],
      [
        1.125,
        4.140236016454969,
        0.26546905878760396,
        0.5039820672239841
      ],
      [
        1.3500000000000003,
        4.995197811439196,
        0.2858422341176775,
        0.5998163560406192
      ],
      [
        1.5750000000000002,
        5.860040290636754,
        0.2946327997954437,
        0.6938981916655568
      ],
      [
        1.8,
        6.735285637382452,
        0.29150962530958924,
        0.7861697772193734
      ],
      [
        2.025,
        7.621544024803605,
        0.27611082590255037,
        0.8765621902187869
      ],
      [
        2.25,
        8.51953012860269,
        0.2480359182620815,
        0.9649926318862334
      ],
      [
        2.475,
        9.430083662838431,
        0.20683599334388905,
        1.051360824074657
      ],
      [
        2.7000000000000006,
        10.35419534851915,
        0.15200128907367869,
        1.1355442270288476
      ],
      [
        2.9250000000000003,
        11.293040360679809,
        0.08294527711401717,
        1.21739159445451
      ],
      [
        3.1500000000000004,
        12.248022284444827,
        -0.0010160371363723414,
        1.2967141333527394
      ],
      [
        3.375,
        13.220832178216664,
        -0.10069156042314951,
        1.3732731280220634
      ],
      [
        3.6,
        14.213529921042225,
        -0.21705233966580328,
        1.4467621935014592
      ],
      [
        3.8250000000000006,
        15.228659438819857,
        -0.3512834390968048,
        1.5505860852598359
      ],
      [
        4.05,
        16.269417361436208,
        -0.5048585946630892,
        1.6677793563282406
      ],
      [
        4.275,
        17.33990992818331,
        -0.6796519379440992,
        1.7891206891180342
      ],
      [
        4.5,
        18.445564664145788,
        -0.8781136495813063,
        1.9150608787771075
      ],
      [
        4.7250000000000005,
        19.593836268181164,
        -1.1035646859906767,
        2.0462081725764167
      ],
      [
        4.95,
        20.795538283455063,
        -1.3607384639443152,
        2.223285666098124
      ],
      [
        5.175,
        22.067746910256723,
        -1.6569240934673435,
        2.4246087267317273
      ],
      [
        5.400000000000001,
        23.44190799656518,
        -2.0050281092101345,
        2.6557372078662964
      ]
    ]
  },
  "p2": {
    "element": "ElementTriP2 (quadratic plane-strain triangle)",
    "n_dof": 12222,
    "n_steps_reached": 22,
    "F_target_N": 5.4,
    "converged_all": false,
    "max_load_reached_N": 4.95,
    "tip_dx_at_max": 23.357354627235274,
    "tip_dy_at_max": -2.4269424508223785,
    "peak_vm_MPa_at_max": 3.4032988276031273,
    "runtime_s": 120.6,
    "curve": [
      [
        0.0,
        0.0,
        0.0,
        0.0
      ],
      [
        0.225,
        0.8607309642307521,
        0.079605827601223,
        0.11857900392830173
      ],
      [
        0.45,
        1.7306144246089366,
        0.14573629064928378,
        0.23914001053003076
      ],
      [
        0.6750000000000002,
        2.6100698429475466,
        0.1980380638043291,
        0.3617763136969635
      ],
      [
        0.9,
        3.499593866132786,
        0.23615095630410562,
        0.4865877992938311
      ],
      [
        1.125,
        4.399775503365101,
        0.2597031862821678,
        0.6136814705275445
      ],
      [
        1.3500000000000003,
        5.311314041329755,
        0.26830487181720913,
        0.7431721402923296
      ],
      [
        1.5750000000000002,
        6.235040443487906,
        0.26153935606737266,
        0.8751834337794419
      ],
      [
        1.8,
        7.171943304138635,
        0.23895186566473506,
        1.0098493284381382
      ],
      [
        2.025,
        8.123200906277155,
        0.20003481892060523,
        1.1473165742768352
      ],
      [
        2.25,
        9.09022164246525,
        0.14420881725779436,
        1.287748495402929
      ],
      [
        2.475,
        10.074696127382262,
        0.07079791174013188,
        1.4313308897136225
      ],
      [
        2.7000000000000006,
        11.078665977466295,
        -0.021002960192408725,
        1.5782810472079785
      ],
      [
        2.9250000000000003,
        12.10461684779501,
        -0.13217159408298418,
        1.728861357837196
      ],
      [
        3.1500000000000004,
        13.155607633080734,
        -0.26391827783675564,
        1.8833997080681772
      ],
      [
        3.375,
        14.235455206384664,
        -0.41776997285562584,
        2.0423201832517623
      ],
      [
        3.6,
        15.349007700989427,
        -0.5956929768354854,
        2.2061902907588755
      ],
      [
        3.8250000000000006,
        16.50256583664445,
        -0.8002792084345276,
        2.3757971343812216
      ],
      [
        4.05,
        17.704567331122977,
        -1.0350441222201154,
        2.55228104449579
      ],
      [
        4.275,
        18.966777750124237,
        -1.3049361395006565,
        2.737402691370553
      ],
      [
        4.5,
        20.306570807778034,
        -1.61729160097209,
        2.934188820245071
      ],
      [
        4.7250000000000005,
        21.751998905133732,
        -1.9838952645119492,
        3.149011139920879
      ],
      [
        4.95,
        23.357354627235274,
        -2.4269424508223785,
        3.4032988276031273
      ]
    ]
  },
  "delta": {
    "peak_vM_pct_change": 28.15,
    "tip_dx_change_mm": -0.085,
    "both_converged": false
  },
  "interpretation": [
    "P1 (linear) reached F = 5.40 N with peak vM = 2.656 MPa.",
    "P2 (quadratic) reached F = 4.95 N with peak vM = 3.403 MPa.",
    "\u0394peak vM (P2 vs P1) = +28.1 % at the same load level. If P2 gives a SUBSTANTIALLY different peak vM than P1 then the P1 (linear-tet equivalent) is locking and the headline 2D peak vM is unreliable. If P2 agrees with P1 within ~10 %, the locking is not the dominant error."
  ]
}