{
  "contact_nodes": 19,
  "contact_arc_deg": 13.6,
  "pressure_cov": 0.84,
  "closure_at_target": 7.92,
  "reached_target": false,
  "locked": false,
  "stress_spread_frac": 0.146,
  "engage_y_frac": 0.06,
  "bot_third_force_frac": 0.0,
  "mid_third_force_frac": 1.0,
  "top_third_force_frac": 0.0,
  "tip_inward_mm": -6.13,
  "max_von_mises_MPa": 0.405,
  "margin_x": 67.48,
  "grip_at_press_N": 1.14,
  "press_mm": 7.92,
  "contact_y_min": 74.0,
  "contact_y_max": 79.4,
  "did_converge_all_steps": true,
  "n_steps_not_converged": 0,
  "newton_iters_max_used": 12,
  "newton_iters_mean": 9.96,
  "newton_iters_per_step": [
    2,
    10,
    9,
    9,
    10,
    9,
    10,
    9,
    10,
    12,
    12,
    11,
    11,
    10,
    10,
    11,
    10,
    11,
    11,
    10,
    10,
    10,
    11,
    11
  ],
  "did_converge_per_step": [
    true,
    true,
    true,
    true,
    true,
    true,
    true,
    true,
    true,
    true,
    true,
    true,
    true,
    true,
    true,
    true,
    true,
    true,
    true,
    true,
    true,
    true,
    true,
    true
  ],
  "residual_final_per_step": [
    2.535636128662682e-12,
    4.9745301398738214e-05,
    0.0002984546158527836,
    1.9465570931816263e-05,
    0.00011150996315095311,
    0.001881269091398973,
    0.0004572830334699755,
    0.00016047950203360405,
    9.21404378280906e-05,
    0.00011383173272327663,
    5.0264631230840715e-05,
    0.0005225091852649228,
    0.00024338447141155739,
    8.251719379577454e-05,
    0.00017679776730328023,
    0.0018446913061831377,
    0.0006060038255736627,
    5.2565997264986075e-05,
    4.331530385223179e-05,
    0.00023880071930839795,
    0.00032726651688751726,
    0.00034713962111226123,
    6.172266250129363e-05,
    8.581110664881263e-05
  ],
  "newton_max_iters": 16,
  "newton_tol_rel": 0.002,
  "report_mode": "closure",
  "target_grip_stress_probe_N": 12.0,
  "press_at_report_mm": 8.0,
  "nu_used": 0.42,
  "e_tpu_used": 4.9,
  "nlayers_used": 3
}