{
  "contact_nodes": 19,
  "contact_arc_deg": 13.6,
  "pressure_cov": 0.82,
  "closure_at_target": 7.92,
  "reached_target": false,
  "locked": false,
  "stress_spread_frac": 0.146,
  "engage_y_frac": 0.06,
  "bot_third_force_frac": 0.0,
  "mid_third_force_frac": 1.0,
  "top_third_force_frac": 0.0,
  "tip_inward_mm": -6.13,
  "max_von_mises_MPa": 2.642,
  "margin_x": 9.46,
  "grip_at_press_N": 7.45,
  "press_mm": 7.92,
  "contact_y_min": 74.0,
  "contact_y_max": 79.4,
  "did_converge_all_steps": true,
  "n_steps_not_converged": 0,
  "newton_iters_max_used": 10,
  "newton_iters_mean": 9.04,
  "newton_iters_per_step": [
    2,
    8,
    10,
    10,
    9,
    9,
    9,
    9,
    10,
    9,
    9,
    9,
    9,
    9,
    10,
    9,
    9,
    9,
    9,
    10,
    10,
    10,
    10,
    10
  ],
  "did_converge_per_step": [
    true,
    true,
    true,
    true,
    true,
    true,
    true,
    true,
    true,
    true,
    true,
    true,
    true,
    true,
    true,
    true,
    true,
    true,
    true,
    true,
    true,
    true,
    true,
    true
  ],
  "residual_final_per_step": [
    1.6559256350450168e-11,
    8.824238260319298e-05,
    3.505137942970715e-05,
    0.000162634518155936,
    0.0004025025289596248,
    0.0004519466369503339,
    0.0005811669126095247,
    0.0007540643228320045,
    0.0007431274576271531,
    0.0009786982704831488,
    0.0012147554785981165,
    0.0027126816075655844,
    0.0017240093910934654,
    0.0014430929432583054,
    0.00020579733957257695,
    0.0015781137773642605,
    0.0017711482432956366,
    0.002004995956362046,
    0.0025003751153769007,
    0.0010368161436033541,
    0.0021749336211718726,
    0.0020970095159140527,
    0.0019111972262485378,
    0.0011598380330911727
  ],
  "newton_max_iters": 16,
  "newton_tol_rel": 0.002,
  "report_mode": "closure",
  "target_grip_stress_probe_N": 12.0,
  "press_at_report_mm": 8.0,
  "nu_used": 0.42,
  "e_tpu_used": 32.0,
  "nlayers_used": 3
}