{
  "name": "selfsim_1p5",
  "gen": "production",
  "mode": "screen",
  "params": {},
  "scale": 1.0,
  "gripper_scale": 1.5,
  "eff_scale": 1.5,
  "target_grip": 12.0,
  "E_MPa": 9.8,
  "strength_MPa": 27.3,
  "score": 0.5435,
  "base": 0.5435,
  "grip_incon": 0.291,
  "n_nodes": 939,
  "objects": [
    {
      "shape": "circle",
      "R": 18.0,
      "yc": 120.0,
      "metrics": {
        "contact_nodes": 17,
        "contact_arc_deg": 16.3,
        "pressure_cov": 0.9,
        "closure_at_target": 15.0,
        "reached_target": false,
        "locked": false,
        "stress_spread_frac": 0.177,
        "engage_y_frac": 0.04,
        "bot_third_force_frac": 0.0,
        "mid_third_force_frac": 1.0,
        "top_third_force_frac": 0.0,
        "tip_inward_mm": -14.47,
        "max_von_mises_MPa": 1.196,
        "margin_x": 22.82,
        "grip_at_press_N": 5.26,
        "press_mm": 15.0,
        "contact_y_min": 113.7,
        "contact_y_max": 119.1,
        "did_converge_all_steps": false,
        "n_steps_not_converged": 1,
        "newton_iters_max_used": 16,
        "newton_iters_mean": 12.17,
        "newton_iters_per_step": [
          9,
          9,
          10,
          10,
          16,
          13,
          13,
          12,
          15,
          13,
          12,
          14
        ],
        "did_converge_per_step": [
          true,
          true,
          true,
          true,
          false,
          true,
          true,
          true,
          true,
          true,
          true,
          true
        ],
        "residual_final_per_step": [
          0.0003919854530371543,
          0.00018266992736295698,
          0.0010246733215651528,
          0.001653392423495065,
          0.007818889526465611,
          0.000447987432453456,
          0.004145800913589174,
          0.0022320966829564464,
          0.0006620525602616469,
          0.0011696665608690367,
          0.0013186838780787117,
          0.0007260075447097381
        ],
        "newton_max_iters": 16,
        "newton_tol_rel": 0.002,
        "report_mode": "grip",
        "target_grip_stress_probe_N": 12.0,
        "press_at_report_mm": 8.0,
        "nu_used": 0.42,
        "e_tpu_used": 9.8,
        "nlayers_used": 3
      }
    },
    {
      "shape": "circle",
      "R": 45.0,
      "yc": 120.0,
      "metrics": {
        "contact_nodes": 22,
        "contact_arc_deg": 20.0,
        "pressure_cov": 0.74,
        "closure_at_target": 15.0,
        "reached_target": false,
        "locked": false,
        "stress_spread_frac": 0.18,
        "engage_y_frac": 0.12,
        "bot_third_force_frac": 0.0,
        "mid_third_force_frac": 1.0,
        "top_third_force_frac": 0.0,
        "tip_inward_mm": -13.21,
        "max_von_mises_MPa": 1.123,
        "margin_x": 24.31,
        "grip_at_press_N": 5.81,
        "press_mm": 15.0,
        "contact_y_min": 102.9,
        "contact_y_max": 119.1,
        "did_converge_all_steps": true,
        "n_steps_not_converged": 0,
        "newton_iters_max_used": 12,
        "newton_iters_mean": 10.75,
        "newton_iters_per_step": [
          10,
          11,
          11,
          10,
          11,
          11,
          11,
          10,
          12,
          10,
          11,
          11
        ],
        "did_converge_per_step": [
          true,
          true,
          true,
          true,
          true,
          true,
          true,
          true,
          true,
          true,
          true,
          true
        ],
        "residual_final_per_step": [
          0.0013855864316894898,
          0.0001743516485383174,
          0.00013608976365064366,
          0.0018578612441438156,
          0.000152702664367287,
          0.000324000067992168,
          0.0006079579546917654,
          0.0010622816461341666,
          0.0005983514642338606,
          0.004254511495266222,
          0.001828326339688971,
          0.0015248158170724896
        ],
        "newton_max_iters": 16,
        "newton_tol_rel": 0.002,
        "report_mode": "grip",
        "target_grip_stress_probe_N": 12.0,
        "press_at_report_mm": 8.0,
        "nu_used": 0.42,
        "e_tpu_used": 9.8,
        "nlayers_used": 3
      }
    },
    {
      "shape": "box",
      "R": 30.0,
      "yc": 120.0,
      "metrics": {
        "contact_nodes": 12,
        "contact_arc_deg": 89.5,
        "pressure_cov": 1.14,
        "closure_at_target": 12.5,
        "reached_target": false,
        "locked": false,
        "stress_spread_frac": 0.079,
        "engage_y_frac": 0.44,
        "bot_third_force_frac": 0.95,
        "mid_third_force_frac": 0.0,
        "top_third_force_frac": 0.05,
        "tip_inward_mm": -10.49,
        "max_von_mises_MPa": 1.898,
        "margin_x": 14.39,
        "grip_at_press_N": 9.81,
        "press_mm": 12.5,
        "contact_y_min": 90.9,
        "contact_y_max": 150.3,
        "did_converge_all_steps": false,
        "n_steps_not_converged": 1,
        "newton_iters_max_used": 16,
        "newton_iters_mean": 14.92,
        "newton_iters_per_step": [
          16,
          12,
          13,
          15,
          15,
          16,
          16,
          16,
          14,
          16,
          15,
          15
        ],
        "did_converge_per_step": [
          true,
          true,
          true,
          true,
          true,
          true,
          true,
          true,
          true,
          false,
          true,
          true
        ],
        "residual_final_per_step": [
          1.9259972644533186e-05,
          0.002733534032668225,
          0.006755500069238194,
          0.0051582932873335255,
          0.005977553643113242,
          0.00030220047381470424,
          0.006688247393574608,
          0.0010040940531932064,
          0.0007734249452763026,
          0.021936075243939774,
          0.0015983793311900565,
          0.0066659818368617115
        ],
        "newton_max_iters": 16,
        "newton_tol_rel": 0.002,
        "report_mode": "grip",
        "target_grip_stress_probe_N": 12.0,
        "press_at_report_mm": 8.0,
        "nu_used": 0.42,
        "e_tpu_used": 9.8,
        "nlayers_used": 3
      }
    }
  ]
}