{
  "name": "selfsim_E40_2p0",
  "gen": "production",
  "mode": "screen",
  "params": {},
  "scale": 1.0,
  "gripper_scale": 2.0,
  "eff_scale": 2.0,
  "target_grip": 12.0,
  "E_MPa": 40.0,
  "strength_MPa": 27.3,
  "score": 0.6185,
  "base": 0.6185,
  "grip_incon": 0.091,
  "n_nodes": 960,
  "objects": [
    {
      "shape": "circle",
      "R": 24.0,
      "yc": 160.0,
      "metrics": {
        "contact_nodes": 8,
        "contact_arc_deg": 3.7,
        "pressure_cov": 0.49,
        "closure_at_target": 10.0,
        "reached_target": true,
        "locked": false,
        "stress_spread_frac": 0.164,
        "engage_y_frac": 0.009,
        "bot_third_force_frac": 0.0,
        "mid_third_force_frac": 1.0,
        "top_third_force_frac": 0.0,
        "tip_inward_mm": -9.39,
        "max_von_mises_MPa": 2.475,
        "margin_x": 11.03,
        "grip_at_press_N": 13.52,
        "press_mm": 10.0,
        "contact_y_min": 157.3,
        "contact_y_max": 158.9,
        "did_converge_all_steps": true,
        "n_steps_not_converged": 0,
        "newton_iters_max_used": 15,
        "newton_iters_mean": 10.75,
        "newton_iters_per_step": [
          9,
          9,
          10,
          10,
          10,
          9,
          9,
          11,
          11,
          13,
          13,
          15
        ],
        "did_converge_per_step": [
          true,
          true,
          true,
          true,
          true,
          true,
          true,
          true,
          true,
          true,
          true,
          true
        ],
        "residual_final_per_step": [
          4.4439249312794855e-05,
          0.0007369901835163455,
          0.0012580587113724796,
          0.0020493992538617527,
          0.0012087958649000198,
          0.005026328938859133,
          0.012252415699661972,
          0.007145769646759875,
          0.011037606479860573,
          0.0054092230300714665,
          0.007056798334320555,
          0.007248937334060555
        ],
        "newton_max_iters": 16,
        "newton_tol_rel": 0.002,
        "report_mode": "grip",
        "target_grip_stress_probe_N": 12.0,
        "press_at_report_mm": 8.0,
        "nu_used": 0.42,
        "e_tpu_used": 40.0,
        "nlayers_used": 3
      }
    },
    {
      "shape": "circle",
      "R": 60.0,
      "yc": 160.0,
      "metrics": {
        "contact_nodes": 22,
        "contact_arc_deg": 10.1,
        "pressure_cov": 0.74,
        "closure_at_target": 10.0,
        "reached_target": true,
        "locked": false,
        "stress_spread_frac": 0.132,
        "engage_y_frac": 0.06,
        "bot_third_force_frac": 0.0,
        "mid_third_force_frac": 1.0,
        "top_third_force_frac": 0.0,
        "tip_inward_mm": -8.91,
        "max_von_mises_MPa": 2.667,
        "margin_x": 10.24,
        "grip_at_press_N": 14.12,
        "press_mm": 10.0,
        "contact_y_min": 148.1,
        "contact_y_max": 158.9,
        "did_converge_all_steps": true,
        "n_steps_not_converged": 0,
        "newton_iters_max_used": 11,
        "newton_iters_mean": 10.08,
        "newton_iters_per_step": [
          11,
          10,
          10,
          10,
          9,
          10,
          9,
          10,
          11,
          10,
          10,
          11
        ],
        "did_converge_per_step": [
          true,
          true,
          true,
          true,
          true,
          true,
          true,
          true,
          true,
          true,
          true,
          true
        ],
        "residual_final_per_step": [
          4.6618702127325884e-05,
          0.000617610331928465,
          0.00039888149797502506,
          0.0010512634584134597,
          0.004209257006202947,
          0.0015370324330254066,
          0.008266877352875077,
          0.0047025852289892,
          0.009314192962953346,
          0.009324019922293264,
          0.012353890029426396,
          0.013650262176805254
        ],
        "newton_max_iters": 16,
        "newton_tol_rel": 0.002,
        "report_mode": "grip",
        "target_grip_stress_probe_N": 12.0,
        "press_at_report_mm": 8.0,
        "nu_used": 0.42,
        "e_tpu_used": 40.0,
        "nlayers_used": 3
      }
    },
    {
      "shape": "box",
      "R": 40.0,
      "yc": 160.0,
      "metrics": {
        "contact_nodes": 22,
        "contact_arc_deg": 90.1,
        "pressure_cov": 2.02,
        "closure_at_target": 5.0,
        "reached_target": true,
        "locked": false,
        "stress_spread_frac": 0.016,
        "engage_y_frac": 0.44,
        "bot_third_force_frac": 0.91,
        "mid_third_force_frac": 0.0,
        "top_third_force_frac": 0.09,
        "tip_inward_mm": -3.17,
        "max_von_mises_MPa": 5.673,
        "margin_x": 4.81,
        "grip_at_press_N": 16.61,
        "press_mm": 5.0,
        "contact_y_min": 121.3,
        "contact_y_max": 200.5,
        "did_converge_all_steps": false,
        "n_steps_not_converged": 1,
        "newton_iters_max_used": 16,
        "newton_iters_mean": 15.33,
        "newton_iters_per_step": [
          15,
          16,
          16,
          15,
          16,
          16,
          15,
          15,
          15,
          15,
          14,
          16
        ],
        "did_converge_per_step": [
          true,
          true,
          true,
          true,
          true,
          true,
          true,
          true,
          true,
          true,
          true,
          false
        ],
        "residual_final_per_step": [
          0.00019700730827017828,
          0.0012459626088222372,
          0.0005036610689017151,
          0.01922758580392819,
          0.0007635389216673294,
          0.005315116138011831,
          0.006353537385926399,
          0.03202297562563962,
          0.04694471444721116,
          0.020798004993337806,
          0.05090531204676107,
          0.20281206580187722
        ],
        "newton_max_iters": 16,
        "newton_tol_rel": 0.002,
        "report_mode": "grip",
        "target_grip_stress_probe_N": 12.0,
        "press_at_report_mm": 8.0,
        "nu_used": 0.42,
        "e_tpu_used": 40.0,
        "nlayers_used": 3
      }
    }
  ]
}