{
  "contact_nodes": 19,
  "contact_arc_deg": 13.6,
  "pressure_cov": 0.83,
  "closure_at_target": 7.92,
  "reached_target": false,
  "locked": false,
  "stress_spread_frac": 0.146,
  "engage_y_frac": 0.06,
  "bot_third_force_frac": 0.0,
  "mid_third_force_frac": 1.0,
  "top_third_force_frac": 0.0,
  "tip_inward_mm": -6.13,
  "max_von_mises_MPa": 0.809,
  "margin_x": 33.74,
  "grip_at_press_N": 2.28,
  "press_mm": 7.92,
  "contact_y_min": 74.0,
  "contact_y_max": 79.4,
  "did_converge_all_steps": true,
  "n_steps_not_converged": 0,
  "newton_iters_max_used": 10,
  "newton_iters_mean": 8.83,
  "newton_iters_per_step": [
    2,
    9,
    9,
    9,
    10,
    10,
    10,
    9,
    9,
    9,
    9,
    9,
    9,
    9,
    9,
    9,
    9,
    9,
    9,
    9,
    9,
    9,
    9,
    9
  ],
  "did_converge_per_step": [
    true,
    true,
    true,
    true,
    true,
    true,
    true,
    true,
    true,
    true,
    true,
    true,
    true,
    true,
    true,
    true,
    true,
    true,
    true,
    true,
    true,
    true,
    true,
    true
  ],
  "residual_final_per_step": [
    5.071272257325364e-12,
    2.9331343402615898e-05,
    0.0004031738315816841,
    0.0016009779708328492,
    0.00011732590678168062,
    0.0001180233093773702,
    0.00048204375178409177,
    0.00039708345423987554,
    0.00044319889982682813,
    0.0002830667386169575,
    0.00030140772931410516,
    0.0009490536305358192,
    0.0007776853321239493,
    0.0007291770281993936,
    0.000869953255140648,
    0.0006610756605551694,
    0.0008673185524966434,
    0.0004787673581032315,
    0.000685713182852698,
    0.0008300974605269678,
    0.0008265354403949634,
    0.0008057189121628664,
    0.0007633604246048752,
    0.0007442279621591093
  ],
  "newton_max_iters": 16,
  "newton_tol_rel": 0.002,
  "report_mode": "closure",
  "target_grip_stress_probe_N": 12.0,
  "press_at_report_mm": 8.0,
  "nu_used": 0.42,
  "e_tpu_used": 9.8,
  "nlayers_used": 3
}