{
  "contact_nodes": 21,
  "contact_arc_deg": 13.7,
  "pressure_cov": 0.88,
  "closure_at_target": 8.33,
  "reached_target": true,
  "locked": false,
  "stress_spread_frac": 0.153,
  "engage_y_frac": 0.06,
  "bot_third_force_frac": 0.0,
  "mid_third_force_frac": 1.0,
  "top_third_force_frac": 0.0,
  "tip_inward_mm": -6.97,
  "max_von_mises_MPa": 3.735,
  "margin_x": 6.69,
  "grip_at_press_N": 11.57,
  "press_mm": 8.33,
  "contact_y_min": 74.0,
  "contact_y_max": 79.4,
  "did_converge_all_steps": true,
  "n_steps_not_converged": 0,
  "newton_iters_max_used": 10,
  "newton_iters_mean": 9.58,
  "newton_iters_per_step": [
    8,
    10,
    9,
    10,
    9,
    10,
    10,
    9,
    10,
    10,
    10,
    10
  ],
  "did_converge_per_step": [
    true,
    true,
    true,
    true,
    true,
    true,
    true,
    true,
    true,
    true,
    true,
    true
  ],
  "residual_final_per_step": [
    0.0024265328580290366,
    0.0004035575044216792,
    0.00010477402560537506,
    0.0013431722921746305,
    0.0031648800323342244,
    0.00047819552851009354,
    0.0020782255547330177,
    0.004389327063580467,
    0.006578850130066307,
    0.002093995169292351,
    0.0025102651806144594,
    0.0029423368512398944
  ],
  "newton_max_iters": 16,
  "newton_tol_rel": 0.002,
  "report_mode": "closure",
  "target_grip_stress_probe_N": 12.0,
  "press_at_report_mm": 8.0,
  "nu_used": 0.48,
  "e_tpu_used": 40.0,
  "nlayers_used": 3
}